EVENT_CATEGORY,EVENT_GROUP,EVENT_SUBGROUP,EVENT_TYPE,PLACE,PROVINCEDisaster,Natural,Meteorological - Hydrological,Flood,Saint John River Basin NB,NBDisaster,Natural,Geological,Landslide,Frank AB,ABDisaster,Natural,Meteorological - Hydrological,Thunderstorms,Edmonton AB,ABDisaster,Natural,Meteorological - Hydrological,Thunderstorms,Calgary AB,ABDisaster,Natural,Geological,Landslide,Upper Arrow Lake BC,BCDisaster,Natural,Meteorological - Hydrological,Flood,Red River MB,MBDisaster,Natural,Meteorological - Hydrological,Winter Storm,Nova Scotia,NSDisaster,Natural,Geological,Landslide,Spences Bridge BC,BCDisaster,Natural,Geological,Landslide,Notre-Dame-de-la-Salette QC,QCDisaster,Natural,Meteorological - Hydrological,Flood,Chester NB,NBDisaster,Natural,Geological,Landslide,Burnaby and New Westminster BC,BCDisaster,Natural,Meteorological - Hydrological,Avalanche,Rogers Pass BC,BCDisaster,Natural,Geological,Landslide,St-Alphonse-de-Bagotville QC,QCDisaster,Natural,Geological,Landslide,Coucoucache QC,QCDisaster,Natural,Meteorological - Hydrological,Wildfire,Cochrane ON,ONDisaster,Natural,Meteorological - Hydrological,Tornado,Regina SK,SKDisaster,Natural,Meteorological - Hydrological,Thunderstorms,"Lakes Huron, Erie and Ontario",ONDisaster,Natural,Meteorological - Hydrological,Thunderstorms,Newfoundland coast,NLDisaster,Natural,Meteorological - Hydrological,Flood,North Saskatchewan River AB and SK,SKDisaster,Natural,Geological,Landslide,"Cooper Mine, Jane Camp BC",BCDisaster,Natural,Meteorological - Hydrological,Flood,Northeastern New Brunswick,NBDisaster,Natural,Meteorological - Hydrological,Flood,Winnipeg MB,MBDisaster,Natural,Meteorological - Hydrological,Wildfire,Cochrane and Matheson ON,ONDisaster,Natural,Meteorological - Hydrological,Flood,Northwestern British Columbia,BCDisaster,Natural,Meteorological - Hydrological,Flood,Southwestern Ontario,ONDisaster,Natural,Meteorological - Hydrological,Tornado,Southeastern Saskatchewan,SKDisaster,Natural,Meteorological - Hydrological,Flood,Icelandic River and Fisher River MB,MBDisaster,Natural,Meteorological - Hydrological,Flood,"Saint John River, between Simonds and Woodstock NB",NBDisaster,Natural,Meteorological - Hydrological,Thunderstorms,Montreal QC,QCDisaster,Natural,Meteorological - Hydrological,Wildfire,Waswanipi reserve QC,QCDisaster,Natural,Meteorological - Hydrological,Winter Storm,Southern Alberta,ABDisaster,Natural,Meteorological - Hydrological,Wildfire,Grand Falls NL,NLDisaster,Natural,Meteorological - Hydrological,Wildfire,Upper Gagetown and Burton NB,NBDisaster,Natural,Meteorological - Hydrological,Flood,Lake St. Clair ON,ONDisaster,Natural,Meteorological - Hydrological,Flood,Saskatchewan and Alberta,ABDisaster,Natural,Meteorological - Hydrological,Winter Storm,Winnipeg MB,MBDisaster,Natural,Meteorological - Hydrological,Thunderstorms,Montreal QC,QCDisaster,Natural,Meteorological - Hydrological,Tornado,Winnipeg MB,MBDisaster,Natural,Meteorological - Hydrological,Flood,Montreal QC,QCDisaster,Natural,Meteorological - Hydrological,Flood,Goulais River ON,ONDisaster,Natural,Meteorological - Hydrological,Tornado,Edmonton AB,ABDisaster,Natural,Meteorological - Hydrological,Flood,Northern British Columbia,BCDisaster,Natural,Meteorological - Hydrological,Wildfire,Whitedog Lake ON,ONDisaster,Natural,Meteorological - Hydrological,Flood,Duck Mountain and Swan River MB,MBDisaster,Natural,Meteorological - Hydrological,Flood,"Lethbridge, Taber, Irma and Wainwright AB",ABDisaster,Natural,Meteorological - Hydrological,Storm - Other,"Louiseville, Yamachiche and St.-Justin Region of Trois-RiviÌ¬res QC",QCDisaster,Natural,Meteorological - Hydrological,Flood,Central and Southern Alberta,ABDisaster,Natural,Meteorological - Hydrological,Flood,Norman Wells NT,NTDisaster,Natural,Meteorological - Hydrological,Flood,Lesser Slave Lake region AB,ABDisaster,Natural,Meteorological - Hydrological,Thunderstorms,Calgary AB,ABDisaster,Natural,Geological,Earthquake,Saguenay region QC,QCDisaster,Natural,Meteorological - Hydrological,Flood,Albany and Attawapiskat River ON,ONDisaster,Natural,Meteorological - Hydrological,Tornado,Montmartre SK,SKDisaster,Natural,Meteorological - Hydrological,Flood,Liard River NT,NTDisaster,Natural,Meteorological - Hydrological,Wildfire,Northern Manitoba,MBDisaster,Natural,Meteorological - Hydrological,Wildfire,Radisson QC,QCDisaster,Natural,Meteorological - Hydrological,Hurricane,Nova Scotia,NSDisaster,Natural,Meteorological - Hydrological,Flood,Southwestern British Columbia,BCDisaster,Natural,Meteorological - Hydrological,Thunderstorms,Gulf of St. Lawrence QC,QCDisaster,Natural,Geological,Earthquake,Ungava Peninsula QC,QCDisaster,Natural,Meteorological - Hydrological,Flood,Newfoundland,NLDisaster,Natural,Meteorological - Hydrological,Thunderstorms,Calgary AB,ABDisaster,Natural,Meteorological - Hydrological,Wildfire,Old Crow YT,YTDisaster,Natural,Meteorological - Hydrological,Flood,Winnipeg MB,MBDisaster,Natural,Meteorological - Hydrological,Avalanche,Banff AB,ABDisaster,Natural,Meteorological - Hydrological,Tornado,Sarnia ON,ONDisaster,Natural,Meteorological - Hydrological,Flood,Western Alberta,ABDisaster,Natural,Meteorological - Hydrological,Flood,Woodstock NB,NBDisaster,Natural,Meteorological - Hydrological,Tornado,Southern Ontario,ONDisaster,Natural,Geological,Landslide,Joe Rich and Southern British Columbia,BCDisaster,Natural,Meteorological - Hydrological,Flood,Southwestern British Columbia,BCDisaster,Natural,Meteorological - Hydrological,Thunderstorms,Madeleine Islands QC,QCDisaster,Natural,Meteorological - Hydrological,Avalanche,Bugaboo Glacier Provincial Park BC,BCDisaster,Natural,Geological,Landslide,Notre-Dame de Pierreville QC,QCDisaster,Natural,Meteorological - Hydrological,Flood,ChaudiÌ¬re River QC,QCDisaster,Natural,Meteorological - Hydrological,Flood,Old Crow YT,YTDisaster,Natural,Meteorological - Hydrological,Wildfire,"Betsiamites, Ragueneau et Baie-Comeau QC",QCDisaster,Natural,Meteorological - Hydrological,Thunderstorms,Red Deer AB,ABDisaster,Natural,Meteorological - Hydrological,Hurricane,Southern New Brunswick,NBDisaster,Natural,Meteorological - Hydrological,Tornado,MaskinongÌ© QC,QCDisaster,Natural,Meteorological - Hydrological,Flood,Southwestern British Columbia,BCDisaster,Natural,Meteorological - Hydrological,Thunderstorms,Calgary AB,ABDisaster,Natural,Meteorological - Hydrological,Storm - Other,Vernon BC,BCDisaster,Natural,Meteorological - Hydrological,Flood,Northwestern British Columbia,BCDisaster,Natural,Meteorological - Hydrological,Storm - Other,Central Ontario,ONDisaster,Natural,Meteorological - Hydrological,Flood,Lethbridge AB,ABDisaster,Natural,Meteorological - Hydrological,Thunderstorms,Edmonton AB,ABDisaster,Natural,Meteorological - Hydrological,Flood,Elmira ON,ONDisaster,Natural,Meteorological - Hydrological,Flood,Peace River AB,ABDisaster,Natural,Meteorological - Hydrological,Flood,"Sainte-Brigitte-de-Laval, about 40 km north of QuÌ©bec City QC",QCDisaster,Natural,Meteorological - Hydrological,Flood,Hay River NT,NTDisaster,Natural,Meteorological - Hydrological,Flood,Attawapiskat ON,ONDisaster,Natural,Meteorological - Hydrological,Flood,Toronto ON,ONDisaster,Natural,Meteorological - Hydrological,Thunderstorms,Calgary AB,ABDisaster,Natural,Meteorological - Hydrological,Flood,Yukon Rivers YT,YTDisaster,Natural,Meteorological - Hydrological,Thunderstorms,"Avalon and Burin Peninsulas and Bonavista, Trinity and Conception Bays NL",NLDisaster,Natural,Meteorological - Hydrological,Flood,Upper Saint John River Valley NB,NBDisaster,Natural,Meteorological - Hydrological,Flood,Saskatchewan,SKDisaster,Natural,Meteorological - Hydrological,Flood,Quebec,QCDisaster,Natural,Meteorological - Hydrological,Thunderstorms,Edmonton AB,ABDisaster,Natural,Meteorological - Hydrological,Flood,Swan River MB,MBDisaster,Natural,Meteorological - Hydrological,Flood,Winnipeg MB,MBDisaster,Natural,Meteorological - Hydrological,Winter Storm,Montreal and area QC,QCDisaster,Natural,Meteorological - Hydrological,Flood,Southern ON,ONDisaster,Natural,Meteorological - Hydrological,Thunderstorms,Southern ON,ONDisaster,Natural,Meteorological - Hydrological,Flood,Plaster Rock NB and Lower St. Lawrence Region QC,QCDisaster,Natural,Meteorological - Hydrological,Thunderstorms,Southern Manitoba,MBDisaster,Natural,Meteorological - Hydrological,Thunderstorms,Saskatchewan,SKDisaster,Natural,Meteorological - Hydrological,Thunderstorms,Southern Alberta,ABDisaster,Natural,Meteorological - Hydrological,Wildfire,British Columbia,BCDisaster,Natural,Meteorological - Hydrological,Flood,Quebec,QCDisaster,Natural,Meteorological - Hydrological,Thunderstorms,Edmonton AB,ABDisaster,Natural,Meteorological - Hydrological,Thunderstorms,Southwestern Manitoba,MBDisaster,Natural,Meteorological - Hydrological,Tornado,Aylmer QC,QCDisaster,Natural,Meteorological - Hydrological,Thunderstorms,Salmon Arm BC,BCDisaster,Natural,Meteorological - Hydrological,Thunderstorms,Southern Manitoba,MBDisaster,Natural,Meteorological - Hydrological,Thunderstorms,Southern ON,ONDisaster,Natural,Meteorological - Hydrological,Flood,Poplar Bay AB,ABDisaster,Natural,Meteorological - Hydrological,Avalanche,Blanc Sablon QC,QCDisaster,Natural,Meteorological - Hydrological,Flood,Western MB,MBDisaster,Natural,Meteorological - Hydrological,Hurricane,Burin Peninsula NL,NLDisaster,Natural,Meteorological - Hydrological,Thunderstorms,Regina SK,SKDisaster,Natural,Meteorological - Hydrological,Thunderstorms,Hamilton ON,ONDisaster,Natural,Meteorological - Hydrological,Flood,Sunny Valley AB,ABDisaster,Natural,Meteorological - Hydrological,Drought,Grande Prairie AB,ABDisaster,Natural,Meteorological - Hydrological,Storm - Other,South Dumfries ON,ONDisaster,Natural,Meteorological - Hydrological,Flood,Flat Bay NL,NLDisaster,Natural,Meteorological - Hydrological,Tornado,"Grey County, Wellington and Dufferin County ON",ONDisaster,Natural,Meteorological - Hydrological,Flood,Timmins and Dufferin County ON,ONDisaster,Natural,Meteorological - Hydrological,Flood,Atikokan ON,ONDisaster,Natural,Meteorological - Hydrological,Thunderstorms,Winnipeg MB,MBDisaster,Natural,Meteorological - Hydrological,Flood,"Red River, Souris River, Assiniboine River and Pembina River MB",MBDisaster,Natural,Meteorological - Hydrological,Flood,Lesser Slave Lake area AB,ABDisaster,Natural,Meteorological - Hydrological,Thunderstorms,Calgary AB,ABDisaster,Natural,Meteorological - Hydrological,Thunderstorms,Calgary AB,ABDisaster,Natural,Meteorological - Hydrological,Flood,Ottawa ON,ONDisaster,Natural,Meteorological - Hydrological,Flood,Nechako River BC,BCDisaster,Natural,Biological,Epidemic,Bay of Fundy NB,NBDisaster,Natural,Meteorological - Hydrological,Flood,Durham ON,ONDisaster,Natural,Meteorological - Hydrological,Flood,Peace River AB,ABDisaster,Natural,Meteorological - Hydrological,Flood,"Assiniboine, Red and Winnipeg Rivers MB",MBDisaster,Natural,Meteorological - Hydrological,Wildfire,Timmins ON,ONDisaster,Natural,Meteorological - Hydrological,Wildfire,Northwest of Matagami QC,QCDisaster,Natural,Meteorological - Hydrological,Wildfire,"Iroquois Falls, Kirkland Lake, Timmins areas ON",ONDisaster,Natural,Meteorological - Hydrological,Flood,Lesser Slave Lake area AB,ABDisaster,Natural,Geological,Landslide,Hummingbird Creek BC,BCDisaster,Natural,Biological,Epidemic,Wood Buffalo National Park AB,ABDisaster,Natural,Meteorological - Hydrological,Thunderstorms,45 miles southwest of the islands of Saint-Pierre-et-Miquelon,onDisaster,Natural,Meteorological - Hydrological,Flood,Saint John River NB,NBDisaster,Natural,Meteorological - Hydrological,Avalanche,Kangiqsualujjuaq QC,QCDisaster,Natural,Meteorological - Hydrological,Wildfire,Swan Hills AB,ABDisaster,Natural,Meteorological - Hydrological,Thunderstorms,Calgary AB,ABDisaster,Natural,Meteorological - Hydrological,Wildfire,Tibbet Lake NT,NTDisaster,Natural,Meteorological - Hydrological,Wildfire,Salmon Arm BC,BCDisaster,Natural,Meteorological - Hydrological,Winter Storm,"Greater Vancouver Area, Southern BC",BCDisaster,Natural,Meteorological - Hydrological,Storm - Other,"Greater Vancouver Area, Southern BC",BCDisaster,Natural,Meteorological - Hydrological,Winter Storm,Barrie ON,ONDisaster,Natural,Meteorological - Hydrological,Storm - Other,Southern BC,BCDisaster,Natural,Meteorological - Hydrological,Winter Storm,Toronto ON,ONDisaster,Natural,Meteorological - Hydrological,Winter Storm,Terrace BC,BCDisaster,Natural,Meteorological - Hydrological,Wildfire,East of Lake Winnipeg MB,MBDisaster,Natural,Meteorological - Hydrological,Flood,Melita MB,MBDisaster,Natural,Meteorological - Hydrological,Wildfire,La Ronge SK,SKDisaster,Natural,Meteorological - Hydrological,Wildfire,Beardmore ON,ONDisaster,Natural,Meteorological - Hydrological,Wildfire,Burwash Landing YT,YTDisaster,Natural,Meteorological - Hydrological,Thunderstorms,Kenora ON,ONDisaster,Natural,Meteorological - Hydrological,Wildfire,Badger NL,NLDisaster,Natural,Meteorological - Hydrological,Flood,Clearwater AB,ABDisaster,Natural,Meteorological - Hydrological,Tornado,Drummondville QC,QCDisaster,Natural,Meteorological - Hydrological,Thunderstorms,Balmoral and Val d'Amour areas in Restigouche County NB,NBDisaster,Natural,Meteorological - Hydrological,Storm - Other,Vancouver BC,BCDisaster,Natural,Biological,Infestation,Little Saskatchewan First Nation Reserve MB,MBDisaster,Natural,Meteorological - Hydrological,Avalanche,Glacier National Park BC,BCDisaster,Natural,Geological,Landslide,Passmore BC,BCDisaster,Natural,Meteorological - Hydrological,Tornado,Pine Lake AB,ABDisaster,Natural,Biological,Epidemic,Walkerton ON,ONDisaster,Natural,Meteorological - Hydrological,Flood,Vanguard SK,SKDisaster,Natural,Meteorological - Hydrological,Flood,Sydney NS,NSDisaster,Natural,Meteorological - Hydrological,Flood,Peace River area BC,BCDisaster,Natural,Meteorological - Hydrological,Thunderstorms,"Morley, Chapple, Dawson, Emo, Lake of the Woods, La Vallee, Rainy River, Fort Frances ON",ONDisaster,Natural,Meteorological - Hydrological,Wildfire,Montreal Lake SK,SKDisaster,Natural,Meteorological - Hydrological,Flood,Attawapiskat First Nation ON,ONDisaster,Natural,Meteorological - Hydrological,Flood,"Municipalities of Ignace, Fort Frances, Rainy River, Alberton, Atikokan, Chapple, Dawson, Emo, La Valle, Lake of the Woods, Morley, Machin; Township of Sioux-Narrows - Nestor Falls, ON",ONDisaster,Natural,Meteorological - Hydrological,Flood,Southeast MB,MBDisaster,Natural,Meteorological - Hydrological,Wildfire,"Peerless Lake, Trout Lake AB",ABDisaster,Natural,Meteorological - Hydrological,Wildfire,Turnor Lake SK,SKDisaster,Natural,Meteorological - Hydrological,Wildfire,Hawes/Patuanak SK,SKDisaster,Natural,Meteorological - Hydrological,Wildfire,"Crutwell, Dillon, Hatchett Lake, Pelican Narrows, Deschambeault, Wahpeton First Nation, Nordell, Peter Pond SK",SKDisaster,Natural,Meteorological - Hydrological,Wildfire,"Nemiscau region, near James Bay QC",QCDisaster,Natural,Meteorological - Hydrological,Wildfire,Near community of Sheshatshui and town of North West River NL,NLDisaster,Natural,Meteorological - Hydrological,Wildfire,"Kee-Way-Win FN; Townships of Terrace Bay and Schrieber; Village of Rossport; Pays Plat FN; Deer Lake FN, ON",ONDisaster,Natural,Meteorological - Hydrological,Flood,Badger NL,NLDisaster,Natural,Meteorological - Hydrological,Flood,Oxford and Truro NS,NSDisaster,Natural,Meteorological - Hydrological,Wildfire,"Eastern Passage, Cole Harbour NS",NSDisaster,Natural,Meteorological - Hydrological,Wildfire,Norman Wells NT,NTDisaster,Natural,Meteorological - Hydrological,Flood,"The Bois-Francs, ChaudiÌ¬re-Appalaches, Beauce, l'Outaouais, LanaudiÌ¬re, and Abitibi-TÌ©miscamingue regions QC",QCDisaster,Natural,Meteorological - Hydrological,Hurricane,Halifax NS and Charlottetown PE,PEDisaster,Natural,Meteorological - Hydrological,Flood,Attawapiskat ON,ONDisaster,Natural,Meteorological - Hydrological,Tornado,Grande Prairie AB,ABDisaster,Natural,Meteorological - Hydrological,Thunderstorms,Edmonton AB,ABDisaster,Natural,Meteorological - Hydrological,Flood,The Pas MB,MBDisaster,Natural,Meteorological - Hydrological,Hurricane,Edmundston NB,NBDisaster,Natural,Meteorological - Hydrological,Storm Surge,Kings County PE,PEDisaster,Natural,Geological,Landslide,North Vancouver BC,BCDisaster,Natural,Meteorological - Hydrological,Flood,Kashechewan ON,ONDisaster,Natural,Meteorological - Hydrological,Flood,"Fredericton, Jemseg, Sheffield, Maugerville NB",NBDisaster,Natural,Meteorological - Hydrological,Flood,Fort Good Hope NT,NTDisaster,Natural,Meteorological - Hydrological,Flood,Bridgewater NS,NSDisaster,Natural,Meteorological - Hydrological,Wildfire,Chisasibi QC,QCDisaster,Natural,Meteorological - Hydrological,Flood,"Regional municipalities of Daly, Sifton, Blanshard, Brandon, Strathclair and Woodworth, Oak Lake, Rivers and Dominion City, Melita, Elphinstone, Rural Municipality of Franklin and the town of Deloraine and The Pas MB",MBDisaster,Natural,Meteorological - Hydrological,Wildfire,"Chibougamau, James Bay QC",QCDisaster,Natural,Meteorological - Hydrological,Flood,"Cumberland House, Cumberland House Cree First Nation SK",SKDisaster,Natural,Meteorological - Hydrological,Wildfire,Kelowna BC,BCDisaster,Natural,Meteorological - Hydrological,Flood,Stephenville NL,NLDisaster,Natural,Biological,Epidemic,Toronto ON,ONDisaster,Natural,Biological,Infestation,Kashechewan ON,ONDisaster,Natural,Meteorological - Hydrological,Storm Surge,Delta BC,BCDisaster,Natural,Meteorological - Hydrological,Flood,Red Earth SK,SKDisaster,Natural,Meteorological - Hydrological,Flood,Kashechewan ON,ONDisaster,Natural,Meteorological - Hydrological,Flood,Slocan River BC,BCDisaster,Natural,Meteorological - Hydrological,Wildfire,Mistissini QC,QCDisaster,Natural,Meteorological - Hydrological,Flood,Aklavik NT,NTDisaster,Natural,Meteorological - Hydrological,Wildfire,Tumbler Ridge BC,BCDisaster,Natural,Meteorological - Hydrological,Wildfire,Nordegg AB,ABDisaster,Natural,Meteorological - Hydrological,Wildfire,Cariboo-Chilcotin BC,BCDisaster,Natural,Meteorological - Hydrological,Thunderstorms,Sainte-Anne-des-Plaines QC,QCDisaster,Natural,Meteorological - Hydrological,Flood,Saint-Joseph et VallÌ©e QC,QCDisaster,Natural,Meteorological - Hydrological,Winter Storm,Russell ON,ONDisaster,Natural,Meteorological - Hydrological,Thunderstorms,Vancouver Island BC,BCDisaster,Natural,Meteorological - Hydrological,Thunderstorms,Vancouver BC,BCDisaster,Natural,Meteorological - Hydrological,Thunderstorms,Maple Ridge BC,BCDisaster,Natural,Meteorological - Hydrological,Flood,Selkirk MB,MBDisaster,Natural,Meteorological - Hydrological,Flood,Red Earth First Nation SK,SKDisaster,Natural,Meteorological - Hydrological,Thunderstorms,Gatineau QC,QCDisaster,Natural,Meteorological - Hydrological,Winter Storm,Fishing Lake SK,SKDisaster,Natural,Meteorological - Hydrological,Thunderstorms,Fishing Lake SK,SKDisaster,Natural,Meteorological - Hydrological,Wildfire,Sept-Ì_les QC,QCDisaster,Natural,Meteorological - Hydrological,Flood,"Terrace, Smithers & Mount Currie BC",BCDisaster,Natural,Meteorological - Hydrological,Wildfire,Happy Valley - Goose Bay NL,NLDisaster,Natural,Meteorological - Hydrological,Tornado,Elie MB,MBDisaster,Natural,Meteorological - Hydrological,Wildfire,South Indian Lake MB,MBDisaster,Natural,Meteorological - Hydrological,Wildfire,Kootenay BC,BCDisaster,Natural,Meteorological - Hydrological,Wildfire,Natuashish NL,NLDisaster,Natural,Meteorological - Hydrological,Thunderstorms,GaspÌ© QC,QCDisaster,Natural,Meteorological - Hydrological,Thunderstorms,Vancouver BC,BCDisaster,Natural,Meteorological - Hydrological,Thunderstorms,Matane QC,QCDisaster,Natural,Meteorological - Hydrological,Flood,Prince George BC,BCDisaster,Natural,Meteorological - Hydrological,Thunderstorms,Saint John NB,NBDisaster,Natural,Meteorological - Hydrological,Flood,Port Bruce ON,ONDisaster,Natural,Meteorological - Hydrological,Flood,Belleville ON,ONDisaster,Natural,Meteorological - Hydrological,Flood,Paddockwood SK,SKDisaster,Natural,Meteorological - Hydrological,Flood,Trent Hills ON,ONDisaster,Natural,Meteorological - Hydrological,Flood,Albany River ON,ONDisaster,Natural,Meteorological - Hydrological,Flood,Quebec City QC,QCDisaster,Natural,Meteorological - Hydrological,Flood,Saint John River NB,NBDisaster,Natural,Meteorological - Hydrological,Flood,James Bay ON,ONDisaster,Natural,Meteorological - Hydrological,Wildfire,Newbrook AB,ABDisaster,Natural,Meteorological - Hydrological,Wildfire,Pukatawagan MB,MBDisaster,Natural,Meteorological - Hydrological,Wildfire,Norway House and Sherridon MB,MBDisaster,Natural,Meteorological - Hydrological,Flood,High River AB,ABDisaster,Natural,Meteorological - Hydrological,Thunderstorms,Huntingdon QC,QCDisaster,Natural,Meteorological - Hydrological,Thunderstorms,MontÌ©rÌ©gie and Eastern Townships QC,QCDisaster,Natural,Meteorological - Hydrological,Wildfire,Halifax NS,NSDisaster,Natural,Meteorological - Hydrological,Tornado,LanaudiÌ¬re QC,QCDisaster,Natural,Meteorological - Hydrological,Tornado,Winnipeg MB,MBDisaster,Natural,Meteorological - Hydrological,Wildfire,Deschambault Lake SK,SKDisaster,Natural,Meteorological - Hydrological,Thunderstorms,Lethbridge AB,ABDisaster,Natural,Geological,Landslide,Daniels Harbour NL,NLDisaster,Natural,Meteorological - Hydrological,Thunderstorms,Regina SK,SKDisaster,Natural,Meteorological - Hydrological,Thunderstorms,La Tuque QC,QCDisaster,Natural,Meteorological - Hydrological,Hurricane,Saint John NB,NBDisaster,Natural,Meteorological - Hydrological,Thunderstorms,Kingston ON,ONDisaster,Natural,Meteorological - Hydrological,Flood,"Terrace, Stewart, Kitimat, Bella Coola, Port Hardy, Queen Charlotte Islands & Prince Rupert BC",BCDisaster,Natural,Meteorological - Hydrological,Flood,White Rock BC,BCDisaster,Natural,Meteorological - Hydrological,Flood,"East Kooteney (Elk River-Watershed) Region and the municipalities of Sparwood, Fernie and surrounding areas BC",BCDisaster,Natural,Meteorological - Hydrological,Flood,Baie Verte Peninsula NL,NLDisaster,Natural,Meteorological - Hydrological,Thunderstorms,Halifax and Lunenburg NS,NSDisaster,Natural,Meteorological - Hydrological,Thunderstorms,"Peninsulas of Avalon, Burin and Bonavista NL",NLDisaster,Natural,Meteorological - Hydrological,Thunderstorms,"Municipalities of Pipestone, Sifton, Cameron, White water, Morton, Riverside, Turtle Mountain, Strathcona and Argyle and the Whiteshell Provincial Park MB",MBDisaster,Natural,Meteorological - Hydrological,Flood,Pangnirtung NU,NUDisaster,Natural,Meteorological - Hydrological,Thunderstorms,Queens County PE,PEDisaster,Natural,Meteorological - Hydrological,Flood,Hay River NT,NTDisaster,Natural,Meteorological - Hydrological,Thunderstorms,"Colchester, Pictou, Antigonish, Inverness, Victoria, Cumberland and Halifax NS",NSDisaster,Natural,Meteorological - Hydrological,Thunderstorms,"West of Gander, East to Hare Bay, South to Swift Current NL",NLDisaster,Natural,Meteorological - Hydrological,Thunderstorms,Greater Vancouver and Fraser Valley BC,BCDisaster,Natural,Geological,Landslide,Khyex River BC,BCDisaster,Natural,Meteorological - Hydrological,Thunderstorms,"Calgary, Edmonton, St. Albert, the town of Stony Plain, Parkland County, Two Hills County, Kneehill County, Camrose, and the municipal districts of Rocky View and Bighorn AB",ABDisaster,Natural,Meteorological - Hydrological,Flood,Rock Creek and Henderson Corner in the Klondike Valley YT,YTDisaster,Natural,Meteorological - Hydrological,Wildfire,Wemotaci reserve and La Tuque QC,QCDisaster,Natural,Meteorological - Hydrological,Wildfire,"Kelowna, Kamloops and Cariboo BC",BCDisaster,Natural,Meteorological - Hydrological,Thunderstorms,"Ottawa, Toronto and Windsor ON",ONDisaster,Natural,Meteorological - Hydrological,Storm Surge,Tuktoyaktuk and Mackenzie Delta NT,NTDisaster,Natural,Meteorological - Hydrological,Thunderstorms,"Lorette River, Quebec City QC",QCDisaster,Natural,Meteorological - Hydrological,Tornado,"Toronto, Windsor, Vaughan and Newmarket ON",ONDisaster,Natural,Meteorological - Hydrological,Thunderstorms,Hamilton and Toronto ON,ONDisaster,Natural,Meteorological - Hydrological,Storm - Other,"Montreal, Alma, La Tuque and Baie-Saint-Paul QC",QCDisaster,Natural,Meteorological - Hydrological,Flood,"Saint John, Miramichi and Restigouche rivers NB",NBDisaster,Natural,Geological,Earthquake,Val-des-Bois and Gracefield QC,QCDisaster,Natural,Meteorological - Hydrological,Thunderstorms,Winnipeg to Steinbach MB,MBDisaster,Natural,Meteorological - Hydrological,Wildfire,13km East of Cranberry Portage MB,MBDisaster,Natural,Meteorological - Hydrological,Hurricane,Halifax NS,NSDisaster,Natural,Meteorological - Hydrological,Flood,Meat Cove NS,NSDisaster,Natural,Meteorological - Hydrological,Thunderstorms,Edmonton area AB,ABDisaster,Natural,Meteorological - Hydrological,Thunderstorms,Yarmouth County NS,NSDisaster,Natural,Meteorological - Hydrological,Storm Surge,Baie-Verte and Port Elgin NB,NBDisaster,Natural,Meteorological - Hydrological,Tornado,Kawacatoose First Nation SK,SKDisaster,Natural,Meteorological - Hydrological,Winter Storm,Lambton County ON,ONDisaster,Natural,Meteorological - Hydrological,Tornado,Midland ON,ONDisaster,Natural,Meteorological - Hydrological,Tornado,Leamington ON,ONDisaster,Natural,Meteorological - Hydrological,Thunderstorms,North Battleford SK,SKDisaster,Natural,Meteorological - Hydrological,Wildfire,"Williams Lake, Chilcotin, Houston, Burns Lake and Fraser Lake BC",BCDisaster,Natural,Meteorological - Hydrological,Thunderstorms,Southeast YT,YTDisaster,Natural,Meteorological - Hydrological,Thunderstorms,"Vancouver, Fraser Valley and the Greater Vancouver Regional Districts BC",BCDisaster,Natural,Meteorological - Hydrological,Flood,Winisk ON,ONDisaster,Natural,Meteorological - Hydrological,Winter Storm,St. John's NL,NLDisaster,Natural,Meteorological - Hydrological,Wildfire,County of Thorhild AB,ABDisaster,Natural,Geological,Landslide,Britannia Beach BC,BCDisaster,Natural,Meteorological - Hydrological,Flood,Perth-Andover NB,NBDisaster,Natural,Meteorological - Hydrological,Flood,"Harrow, Kent, Essex, Leamington counties ON",ONDisaster,Natural,Meteorological - Hydrological,Thunderstorms,Grande Prairie AB,ABDisaster,Natural,Biological,Epidemic,"Glengarry Hospital, Victoria BC",BCDisaster,Natural,Meteorological - Hydrological,Wildfire,Chapleau ON,ONDisaster,Natural,Meteorological - Hydrological,Flood,Saint John River Basin NB,NBDisaster,Natural,Meteorological - Hydrological,Flood,Saguenay River Valley QC,QCDisaster,Natural,Meteorological - Hydrological,Flood,Montreal and Mauricie Region QC,QCDisaster,Natural,Meteorological - Hydrological,Flood,GaspÌ© and Bonaventure QC,QCDisaster,Natural,Meteorological - Hydrological,Tornado,Portage la Prairie MB,MBDisaster,Natural,Meteorological - Hydrological,Wildfire,"Cross Lake, Seymourville MB",MBDisaster,Natural,Meteorological - Hydrological,Flood,"High River, City of Calgary, City of Red Deer, Red Deer County, Drumheller, Black Diamond, Pincher Creek, Fort Macleod, Okotoks, Turner Valley, Sundre, Mountainview County, District of Foothills, Clearwater County, Siksika First Nation, Tsuu T'ina First Nation AB",ABDisaster,Natural,Meteorological - Hydrological,Wildfire,Haileybury ON,ONDisaster,Natural,Meteorological - Hydrological,Flood,"Roseau River First Nation, Sioux Falls, Peguis First Nation, St. Andrews, St. Clements and Selkirk MB",MBDisaster,Natural,Geological,Landslide,Echo Harbour BC,BCDisaster,Natural,Meteorological - Hydrological,Flood,Winnipeg MB,MBDisaster,Natural,Meteorological - Hydrological,Flood,Saint John River Basin NB,NBDisaster,Natural,Meteorological - Hydrological,Flood,Dawson YT,YTDisaster,Natural,Meteorological - Hydrological,Flood,"Rideau, ChaudiÌ¬re and Quyon Rivers QC",QCDisaster,Natural,Meteorological - Hydrological,Flood,Pike Lake SK,SKDisaster,Natural,Geological,Tsunami,Burin Peninsula NL,NLDisaster,Natural,Geological,Landslide,Capreol ON,ONDisaster,Natural,Geological,Landslide,Crerar ON,ONDisaster,Natural,Geological,Earthquake,Baffin Bay NU,NUDisaster,Natural,Meteorological - Hydrological,Flood,Plaster Rock NB,NBDisaster,Natural,Geological,Landslide,St-Gregoire-de-Montmercy QC,QCDisaster,Natural,Meteorological - Hydrological,Wildfire,Rainy River and Dance Township ON,ONDisaster,Natural,Meteorological - Hydrological,Wildfire,Gogama ON,ONDisaster,Natural,Meteorological - Hydrological,Flood,"Burin Peninsula, St. John's and Little St. Lawrence NL",NLDisaster,Natural,Meteorological - Hydrological,Hurricane,Charlottetown PE,PEDisaster,Natural,Meteorological - Hydrological,Winter Storm,Toronto ON,ONDisaster,Natural,Meteorological - Hydrological,Tornado,Windsor to Tecumseh ON,ONDisaster,Natural,Meteorological - Hydrological,Thunderstorms,Okanagan Valley BC,BCDisaster,Natural,Meteorological - Hydrological,Flood,Elgin NB,NBDisaster,Natural,Meteorological - Hydrological,Flood,Southern ON,ONDisaster,Natural,Meteorological - Hydrological,Flood,Bristol NB,NBDisaster,Natural,Meteorological - Hydrological,Flood,Red Deer River AB,ABDisaster,Natural,Meteorological - Hydrological,Tornado,Regina SK,SKDisaster,Natural,Meteorological - Hydrological,Wildfire,Mississagi ON,ONDisaster,Natural,Meteorological - Hydrological,Flood,Fraser River BC,BCDisaster,Natural,Meteorological - Hydrological,Flood,St. John's NL,NLDisaster,Natural,Geological,Earthquake,Off Queen Charlotte Islands BC,BCDisaster,Natural,Meteorological - Hydrological,Flood,Saint John River Basin NB,NBDisaster,Natural,Meteorological - Hydrological,Flood,Winnipeg MB,MBDisaster,Natural,Meteorological - Hydrological,Flood,Bow River BC,BCDisaster,Natural,Meteorological - Hydrological,Flood,Sumas and Chilliwack BC,BCDisaster,Natural,Meteorological - Hydrological,Flood,"Stephenville Crossing, Summerside NL",NLDisaster,Natural,Meteorological - Hydrological,Flood,Eastend SK,SKDisaster,Natural,Meteorological - Hydrological,Storm - Other,Lake Superior ON,ONDisaster,Natural,Meteorological - Hydrological,Tornado,Sarnia ON,ONDisaster,Natural,Meteorological - Hydrological,Heat Event,Toronto ON,ONDisaster,Natural,Meteorological - Hydrological,Tornado,White Point Beach NS,NSDisaster,Natural,Meteorological - Hydrological,Avalanche,Lake Louise AB,ABDisaster,Natural,Geological,Landslide,Nicolet QC,QCDisaster,Natural,Meteorological - Hydrological,Hurricane,Toronto ON,ONDisaster,Natural,Geological,Landslide,Peace River BC,BCDisaster,Natural,Meteorological - Hydrological,Flood,Thetford Mines QC,QCDisaster,Natural,Geological,Landslide,Prince Rupert BC,BCDisaster,Natural,Meteorological - Hydrological,Winter Storm,St. John's NL,NLDisaster,Natural,Meteorological - Hydrological,Tornado,Amaranth MB,MBDisaster,Natural,Meteorological - Hydrological,Winter Storm,St. John's NL,NLDisaster,Natural,Geological,Landslide,Revelstoke BC,BCDisaster,Natural,Meteorological - Hydrological,Avalanche,"The Battery, St. John's Harbour NL",NLDisaster,Natural,Meteorological - Hydrological,Flood,Timmins ON,ONDisaster,Natural,Meteorological - Hydrological,Flood,Winnipeg MB,MBDisaster,Natural,Geological,Landslide,McBride BC,BCDisaster,Natural,Meteorological - Hydrological,Thunderstorms,Montreal QC,QCDisaster,Natural,Meteorological - Hydrological,Flood,Saint John River Basin NB,NBDisaster,Natural,Geological,Landslide,Toulnustouc River QC,QCDisaster,Natural,Meteorological - Hydrological,Flood,"Hay River Township, south shore of Great Slave Lake NT",NTDisaster,Natural,Geological,Landslide,Saint-Joachim-de-Tourelle QC,QCDisaster,Natural,Geological,Landslide,Ramsey Arm BC,BCDisaster,Natural,Geological,Tsunami,Port Alberni BC,BCDisaster,Natural,Meteorological - Hydrological,Flood,St. Lawrence River QC,QCDisaster,Natural,Geological,Landslide,Hope BC,BCDisaster,Natural,Geological,Landslide,Ocean Falls BC,BCDisaster,Natural,Meteorological - Hydrological,Avalanche,Granduc Mine BC,BCDisaster,Natural,Meteorological - Hydrological,Winter Storm,Winnipeg MB,MBDisaster,Natural,Meteorological - Hydrological,Flood,Winnipeg MB,MBDisaster,Natural,Meteorological - Hydrological,Flood,Baie-Comeau QC,QCDisaster,Natural,Meteorological - Hydrological,Tornado,Huron and Perth counties ON,ONDisaster,Natural,Geological,Landslide,Camp Creek BC,BCDisaster,Natural,Meteorological - Hydrological,Thunderstorms,Lambeth ON,ONDisaster,Natural,Meteorological - Hydrological,Winter Storm,Halifax NS,NSDisaster,Natural,Geological,Landslide,Porteau BC,BCDisaster,Natural,Meteorological - Hydrological,Flood,Qu'Appelle River Basin SK,SKDisaster,Natural,Meteorological - Hydrological,Flood,Winnipeg MB,MBDisaster,Natural,Meteorological - Hydrological,Flood,Iroquois NB,NBDisaster,Natural,Meteorological - Hydrological,Thunderstorms,Edmonton AB,ABDisaster,Natural,Meteorological - Hydrological,Winter Storm,Montreal QC,QCDisaster,Natural,Meteorological - Hydrological,Flood,Saint John River Basin NB,NBDisaster,Natural,Meteorological - Hydrological,Winter Storm,St. John's NL,NLDisaster,Natural,Meteorological - Hydrological,Flood,ChaudiÌ¬re River QC,QCDisaster,Natural,Meteorological - Hydrological,Flood,Winnipeg MB,MBDisaster,Natural,Meteorological - Hydrological,Tornado,"Sudbury, Lively, Coppercliff and Field ON",ONDisaster,Natural,Meteorological - Hydrological,Avalanche,Terrace BC,BCDisaster,Natural,Meteorological - Hydrological,Winter Storm,Montreal QC,QCDisaster,Natural,Meteorological - Hydrological,Flood,Montreal QC,QCDisaster,Natural,Meteorological - Hydrological,Flood,Saint-Jean QC,QCDisaster,Natural,Geological,Landslide,Fraser Canyon BC,BCDisaster,Natural,Geological,Landslide,Saint-Jean-Vianney QC,QCDisaster,Natural,Meteorological - Hydrological,Tornado,"Maniwaki, DÌ©lÌ©age, Egan, South Region of Outaouais QC",QCDisaster,Natural,Meteorological - Hydrological,Hurricane,Dartmouth NS,NSDisaster,Natural,Meteorological - Hydrological,Hurricane,Victoriaville QC,QCDisaster,Natural,Meteorological - Hydrological,Flood,Richelieu River QC,QCDisaster,Natural,Meteorological - Hydrological,Flood,Lake Huron ON,ONDisaster,Natural,Meteorological - Hydrological,Flood,Prince George BC,BCDisaster,Natural,Meteorological - Hydrological,Flood,Corner Brook NL,NLDisaster,Natural,Meteorological - Hydrological,Flood,Smoky and Peace River Basins AB,ABDisaster,Natural,Meteorological - Hydrological,Winter Storm,Barrie ON,ONDisaster,Natural,Geological,Landslide,Harbour Breton NL,NLDisaster,Natural,Meteorological - Hydrological,Thunderstorms,Cedoux SK,SKDisaster,Natural,Meteorological - Hydrological,Flood,Saint John River Basin NB,NBDisaster,Natural,Meteorological - Hydrological,Flood,Maniwaki QC,QCDisaster,Natural,Meteorological - Hydrological,Tornado,Windsor ON,ONDisaster,Natural,Meteorological - Hydrological,Flood,Saint John River Basin NB,NBDisaster,Natural,Meteorological - Hydrological,Flood,"Hay River Township, south shore of Great Slave Lake NT",NTDisaster,Natural,Meteorological - Hydrological,Flood,Cambridge/Waterloo Region ON,ONDisaster,Natural,Meteorological - Hydrological,Thunderstorms,Charlottetown PE,PEDisaster,Natural,Meteorological - Hydrological,Thunderstorms,"Saint John, Sussex Corner and Chaleur Bay NB",NBDisaster,Natural,Meteorological - Hydrological,Thunderstorms,Vancouver Island BC,BCDisaster,Natural,Meteorological - Hydrological,Flood,Southwestern AB,ABDisaster,Natural,Meteorological - Hydrological,Flood,Regina SK,SKDisaster,Natural,Geological,Landslide,Devastation Glacier BC,BCDisaster,Natural,Meteorological - Hydrological,Tornado,Saint Bonaventure QC,QCDisaster,Natural,Meteorological - Hydrological,Hurricane,Ì_les-de-la-Madeleine QC,QCDisaster,Natural,Meteorological - Hydrological,Thunderstorms,Lake Superior ON,ONDisaster,Natural,Meteorological - Hydrological,Winter Storm,Region of Quebec City and Trois-RiviÌ¬res QC,QCDisaster,Natural,Meteorological - Hydrological,Flood,Grand Falls NL,NLDisaster,Natural,Meteorological - Hydrological,Storm Surge,"Western, Central and Northern NS",NSDisaster,Natural,Meteorological - Hydrological,Winter Storm,Niagara Peninsula ON,ONDisaster,Natural,Meteorological - Hydrological,Flood,Corner Brook NL,NLDisaster,Natural,Meteorological - Hydrological,Flood,Saint John River Basin NB,NBDisaster,Natural,Meteorological - Hydrological,Flood,Assiniboine River MB,MBDisaster,Natural,Meteorological - Hydrological,Thunderstorms,Fundy Isles NB,NBDisaster,Natural,Meteorological - Hydrological,Thunderstorms,Moncton NB,NBDisaster,Natural,Meteorological - Hydrological,Flood,"Fort McMurray, Rainbow Lake AB",ABDisaster,Natural,Meteorological - Hydrological,Flood,Toronto ON,ONDisaster,Natural,Meteorological - Hydrological,Thunderstorms,Winnipeg MB,MBDisaster,Natural,Meteorological - Hydrological,Flood,Milk River and area AB,ABDisaster,Natural,Meteorological - Hydrological,Flood,Edmonton AB,ABDisaster,Natural,Meteorological - Hydrological,Hurricane,St. John's NL,NLDisaster,Natural,Meteorological - Hydrological,Flood,Calgary AB,ABDisaster,Natural,Meteorological - Hydrological,Flood,Lethbridge AB,ABDisaster,Natural,Meteorological - Hydrological,Flood,Peace River AB,ABDisaster,Natural,Meteorological - Hydrological,Avalanche,Golden BC,BCDisaster,Natural,Meteorological - Hydrological,Flood,Dawson YT,YTDisaster,Natural,Meteorological - Hydrological,Flood,Red River region MB,MBDisaster,Natural,Meteorological - Hydrological,Thunderstorms,Montreal QC,QCDisaster,Natural,Meteorological - Hydrological,Tornado,Woodstock ON,ONDisaster,Natural,Meteorological - Hydrological,Winter Storm,Drumheller AB,ABDisaster,Natural,Geological,Landslide,"Belmoral Mine, Val d'Or, QC",QCDisaster,Natural,Meteorological - Hydrological,Flood,Vancouver Island BC,BCDisaster,Natural,Meteorological - Hydrological,Wildfire,Red Lake ON,ONDisaster,Natural,Meteorological - Hydrological,Flood,GaspÌ©sie Region QC,QCDisaster,Natural,Meteorological - Hydrological,Flood,Squamish River BC,BCDisaster,Natural,Meteorological - Hydrological,Flood,Edmonton AB,ABDisaster,Natural,Meteorological - Hydrological,Flood,Sussex NB,NBDisaster,Natural,Meteorological - Hydrological,Flood,Southeastern ON,ONDisaster,Natural,Meteorological - Hydrological,Avalanche,Golden BC,BCDisaster,Natural,Meteorological - Hydrological,Thunderstorms,Calgary AB,ABDisaster,Natural,Meteorological - Hydrological,Flood,Westfield and Grand Bay NB,NBDisaster,Natural,Geological,Landslide,Squamish BC,BCDisaster,Natural,Meteorological - Hydrological,Flood,Hay River NT,NTDisaster,Natural,Meteorological - Hydrological,Thunderstorms,Greater Vancouver BC,BCDisaster,Natural,Meteorological - Hydrological,Flood,Aklavik NT,NTDisaster,Natural,Meteorological - Hydrological,Winter Storm,Labrador City NL,NLDisaster,Natural,Meteorological - Hydrological,Winter Storm,Ì_les-de-la-Madeleine QC,QCDisaster,Natural,Meteorological - Hydrological,Flood,Sherbrooke QC,QCDisaster,Natural,Meteorological - Hydrological,Tornado,Montreal (Sainte-Rose) QC,QCDisaster,Natural,Meteorological - Hydrological,Flood,Grande Prairie AB,ABDisaster,Natural,Meteorological - Hydrological,Flood,"North shore of St. Lawrence River, and Yamachiche Maskinonge River basins QC",QCDisaster,Natural,Meteorological - Hydrological,Tornado,Reeces Corners ON,ONDisaster,Natural,Meteorological - Hydrological,Thunderstorms,Regina SK and Edmonton AB,ABDisaster,Natural,Meteorological - Hydrological,Flood,Badger NL,NLDisaster,Natural,Meteorological - Hydrological,Flood,"upper Richelieu River, MontrÌ©al QC",QCDisaster,Natural,Meteorological - Hydrological,Thunderstorms,Regina SK,SKDisaster,Natural,Meteorological - Hydrological,Storm - Other,Edmonton AB,ABDisaster,Natural,Meteorological - Hydrological,Storm Surge,Cape Breton Island NS,NSDisaster,Natural,Meteorological - Hydrological,Flood,GaspÌ©sie QC,QCDisaster,Natural,Meteorological - Hydrological,Flood,Avalon Peninsula NL,NLDisaster,Natural,Meteorological - Hydrological,Tornado,Grande Prairie and Drayton Valley AB,ABDisaster,Natural,Meteorological - Hydrological,Flood,Truro NS,NSDisaster,Natural,Meteorological - Hydrological,Flood,Lower Fraser River Valley BC,BCDisaster,Natural,Meteorological - Hydrological,Flood,Saint John River Basin NB,NBDisaster,Natural,Meteorological - Hydrological,Winter Storm,St. John's NL,NLDisaster,Natural,Meteorological - Hydrological,Storm - Other,Chesley ON,ONDisaster,Natural,Meteorological - Hydrological,Flood,"Hay River Township, south shore of Great Slave Lake NT",NTDisaster,Natural,Meteorological - Hydrological,Tornado,London ON,ONDisaster,Natural,Meteorological - Hydrological,Flood,Pemberton area BC,BCDisaster,Natural,Meteorological - Hydrological,Flood,Chatham ON,ONDisaster,Natural,Meteorological - Hydrological,Thunderstorms,Windsor ON,ONDisaster,Natural,Meteorological - Hydrological,Flood,Lake Erie ON,ONDisaster,Natural,Meteorological - Hydrological,Tornado,Hopeville to Barrie ON,ONDisaster,Natural,Meteorological - Hydrological,Wildfire,Northeast of Vancouver BC,BCDisaster,Natural,Meteorological - Hydrological,Flood,Lake Huron and Lake Erie ON,ONDisaster,Natural,Geological,Landslide,Brantford ON,ONDisaster,Natural,Meteorological - Hydrological,Flood,Riviere ChaudiÌ¬re QC,QCDisaster,Natural,Meteorological - Hydrological,Wildfire,Valrita-Harty ON,ONDisaster,Natural,Meteorological - Hydrological,Avalanche,Blue River BC,BCDisaster,Natural,Meteorological - Hydrological,Heat Event,Vancouver and Fraser BC,BCDisaster,Natural,Meteorological - Hydrological,Flood,"Assiniboine, Roseau and Red Rivers MB",MBDisaster,Natural,Meteorological - Hydrological,Wildfire,"Towns of Slave Lake, High Prairie, Little Buffalo, Lesser Slave Lake, Municipal Districts of Lesser Slave River, Red Earth Creek, and Loon Lake Whitefish Atikameg, and Woodland Cree First Nations AB",ABDisaster,Natural,Meteorological - Hydrological,Flood,Saint-Jean-sur-Richelieu (Richelieu River) QC,QCDisaster,Natural,Meteorological - Hydrological,Wildfire,Hall Lake SK,SKDisaster,Natural,Meteorological - Hydrological,Flood,"Dauphin Lake, Souris River, Assiniboine River, Pipestone Creek, Oak Lake, Plum Lakes, Plum Creek, and the Qu'Appelle River MB",MBDisaster,Natural,Meteorological - Hydrological,Flood,Wollaston Lake SK,SKDisaster,Natural,Meteorological - Hydrological,Flood,Brandon MB,MBDisaster,Natural,Meteorological - Hydrological,Flood,Weyburn and Estavan SK,SKDisaster,Natural,Meteorological - Hydrological,Flood,Calgary AB,ABDisaster,Natural,Meteorological - Hydrological,Flood,Yarmouth and Halifax NS,NSDisaster,Natural,Meteorological - Hydrological,Hurricane,Liverpool NS,NSDisaster,Natural,Meteorological - Hydrological,Winter Storm,Wolfe Lake and Moncton NB,NBDisaster,Natural,Meteorological - Hydrological,Hurricane,Yarmouth County NS,NSDisaster,Natural,Meteorological - Hydrological,Wildfire,"Mishkeegogamang Ojibway First Nation (New Osnaburgh), Northern ON",ONDisaster,Natural,Meteorological - Hydrological,Flood,"Eckville, Lacombe, Paddle River, Fort Vermilion, and Peace River AB",ABDisaster,Natural,Meteorological - Hydrological,Tornado,Goderich ON,ONDisaster,Natural,Meteorological - Hydrological,Flood,Kingcome Inlet and Bella Coola BC,BCDisaster,Natural,Meteorological - Hydrological,Flood,Duncan and North Cowichan (Vancouver Island) BC,BCDisaster,Natural,Meteorological - Hydrological,Flood,"Perth-Andover, NB",NBDisaster,Natural,Meteorological - Hydrological,Flood,"Sicamous, BC",BC